Año,Trimestre,Provincia,Hasta 512kbps,+ 512 Kbps - 1 Mbps,+ 1 Mbps - 6 Mbps,+ 6 Mbps - 10 Mbps,+ 10 Mbps - 20 Mbps,+ 20 Mbps - 30 Mbps,+ 30 Mbps,Otros,Total,Mbps (Media de bajada)
2022,4,Buenos Aires,28934,23347,259866,281550,244555,98670,3760109,97634,4794665,111.0
2022,4,Capital Federal,516,5096,31320,64653,36336,8116,1299117,106772,1551926,182.86
2022,4,Catamarca,71,315,2716,5028,4638,3122,52739,2280,70909,83.33
2022,4,Chaco,461,771,16067,17846,6704,3039,94866,3909,143663,104.02
2022,4,Chubut,109,1614,46457,31007,34728,15770,19048,20026,168759,15.92
2022,4,Córdoba,99,9929,143686,108195,63120,20691,686330,17610,1049660,108.77
2022,4,Corrientes,67,3282,22647,24858,7025,3770,85806,7998,155453,94.72
2022,4,Entre Ríos,107,4722,45629,46700,20927,22483,130406,0,270974,87.47
2022,4,Formosa,84,245,22458,12391,6724,310,18930,698,61840,72.03
2022,4,Jujuy,58,1763,18652,14070,36430,335,46910,0,118218,39.32
2022,4,La Pampa,68,1687,52618,10334,9167,4479,19783,16028,114164,19.1
2022,4,La Rioja,18,595,2531,3010,24435,5029,50644,0,86262,61.0
2022,4,Mendoza,103,2954,35541,20355,35935,14909,161163,21144,292104,38.76
2022,4,Misiones,51,3510,35622,21373,12196,3182,101745,8590,186269,91.24
2022,4,Neuquén,168,994,38814,13960,13008,5739,85247,2250,160180,95.37
2022,4,Río Negro,111,1081,32053,13931,20442,7335,57495,29644,162092,75.31
2022,4,Salta,114,1197,31530,71105,5036,117,90014,6747,205860,75.93
2022,4,San Juan,24,2027,30069,11247,20440,8188,19991,11840,103826,16.39
2022,4,San Luis,60,624,11785,24684,13981,78506,2227,3353,135220,30.67
2022,4,Santa Cruz,51,6810,11616,11509,10374,3236,5559,1048,50203,14.33
2022,4,Santa Fe,468,9374,115767,194420,73345,22899,453078,18340,887691,90.3
2022,4,Santiago Del Estero,178,1267,26183,58136,17735,661,14345,989,119494,34.4
2022,4,Tierra Del Fuego,22,902,11649,13634,21365,3612,1812,2264,55260,13.48
2022,4,Tucumán,39,1562,29996,35425,26369,1375,153538,15118,263422,88.33
2022,3,Buenos Aires,29985,27709,290315,297915,267044,124190,3618689,65821,4721668,70.19
2022,3,Capital Federal,517,5742,34371,67829,51946,28692,1253105,105477,1547679,101.05
2022,3,Catamarca,71,384,3107,5389,5099,3737,50298,2208,70293,60.99
2022,3,Chaco,461,987,16782,18938,8049,15828,79390,3711,144146,53.21
2022,3,Chubut,109,1444,45707,30940,34682,15309,17563,20024,165778,15.57
2022,3,Córdoba,99,11312,153324,111615,70989,27112,650344,13873,1038668,56.32
2022,3,Corrientes,67,3865,23427,23948,7776,21706,56950,7107,144846,45.07
2022,3,Entre Ríos,107,5549,47210,46855,18263,32021,102195,16759,268959,42.49
2022,3,Formosa,97,307,23538,19545,6194,564,17704,589,68538,30.35
2022,3,Jujuy,58,1879,19135,15254,36083,519,45895,0,118823,32.43
2022,3,La Pampa,68,1887,61540,9653,11592,5609,22731,3012,116092,18.1
2022,3,La Rioja,18,689,2842,3375,24219,5331,50390,0,86864,44.3
2022,3,Mendoza,103,2953,44232,21977,48201,17243,150043,4771,289523,34.16
2022,3,Misiones,51,3749,36628,20758,12676,19615,80330,8350,182157,49.3
2022,3,Neuquén,134,991,38485,14080,9200,6700,78713,14858,163161,47.81
2022,3,Río Negro,111,1221,32936,17860,27934,13629,42596,24271,160558,34.13
2022,3,Salta,114,1490,32923,71199,5662,1001,85661,6491,204541,41.33
2022,3,San Juan,24,2027,30324,11247,22157,6780,19221,11619,103399,15.84
2022,3,San Luis,60,307,6563,20813,12061,67438,13,14815,122070,19.33
2022,3,Santa Cruz,52,6841,12342,11313,11378,2333,4604,647,49510,12.6
2022,3,Santa Fe,468,11132,132709,198588,70897,57455,396352,20209,887810,45.15
2022,3,Santiago Del Estero,178,1384,28357,58982,16087,910,12342,792,119032,17.69
2022,3,Tierra Del Fuego,22,831,12002,14815,20102,1752,1021,3351,53896,11.01
2022,3,Tucumán,39,2047,32571,39018,25214,4348,159600,280,263117,53.36
2022,2,Buenos Aires,30639,28323,295238,307554,273954,129869,3535757,65849,4667183,65.5
2022,2,Capital Federal,517,5980,36036,72434,55372,31571,1229254,105607,1536771,93.97
2022,2,Catamarca,71,413,3678,6155,7165,3393,43926,2207,67008,56.56
2022,2,Chaco,461,1047,17603,20109,8391,15974,76271,3708,143564,50.61
2022,2,Chubut,109,1444,45804,31217,34290,14526,15394,20021,162805,14.91
2022,2,Córdoba,99,11971,160486,120485,71923,28645,619400,13426,1026435,53.51
2022,2,Corrientes,67,3937,24253,24842,8001,21719,55071,7107,144997,43.31
2022,2,Entre Ríos,107,5656,48637,48557,18512,32355,98769,16759,269352,40.03
2022,2,Formosa,97,407,23834,19706,6330,591,16326,590,67881,28.47
2022,2,Jujuy,58,1829,19458,15790,37786,549,37391,2453,115314,29.39
2022,2,La Pampa,68,1887,62546,9842,11800,5247,17125,3012,111527,16.07
2022,2,La Rioja,18,728,3179,3890,23814,5481,48920,0,86030,43.28
2022,2,Mendoza,103,2954,44961,22557,64138,19543,121366,3940,279562,29.72
2022,2,Misiones,51,3808,37254,21712,12774,19757,75107,8350,178813,46.23
2022,2,Neuquén,134,999,38826,15066,9205,2039,76982,18717,161968,46.53
2022,2,Río Negro,111,1227,33364,17938,27168,13714,41972,24270,159764,33.26
2022,2,Salta,114,1530,33732,72661,6012,1156,81478,6494,203177,38.77
2022,2,San Juan,24,2027,30385,11276,24649,3728,16701,11617,100407,14.44
2022,2,San Luis,60,306,6840,21217,11052,67438,13,14815,121741,19.32
2022,2,Santa Cruz,52,6841,12348,11369,11885,2454,3592,644,49185,11.81
2022,2,Santa Fe,468,11757,138534,204381,74133,58114,373888,17584,878859,42.01
2022,2,Santiago Del Estero,178,1401,29581,59931,14606,883,10672,792,118044,16.34
2022,2,Tierra Del Fuego,22,831,12052,14828,19968,1712,1006,3351,53770,10.97
2022,2,Tucumán,39,2195,34461,43513,23634,4863,145541,281,254527,50.09
2022,1,Buenos Aires,31591,30056,313382,321756,290127,161183,3381049,26280,4555424,62.51
2022,1,Capital Federal,527,5575,39918,77390,61053,43289,1188072,1717,1417541,88.22
2022,1,Catamarca,71,456,4386,7009,8773,3761,35715,2207,62378,51.22
2022,1,Chaco,461,1099,16888,21235,20898,13012,62946,7580,144119,45.84
2022,1,Chubut,113,1677,61369,31856,33080,13871,14055,15607,171628,13.4
2022,1,Córdoba,100,12782,165922,126009,73967,34892,577027,13104,1003803,49.89
2022,1,Corrientes,67,4029,24563,25665,27077,10452,43631,7094,142578,38.11
2022,1,Entre Ríos,107,5745,50075,49620,42294,21578,81757,16750,267926,35.59
2022,1,Formosa,97,448,24113,6945,6613,716,15028,588,54548,30.28
2022,1,Jujuy,58,1761,22141,16321,37923,576,35287,2442,116509,27.69
2022,1,La Pampa,301,2223,62812,9869,12044,5250,14400,2833,109732,14.84
2022,1,La Rioja,18,778,3576,4692,23624,5645,45970,0,84303,41.37
2022,1,Mendoza,114,3355,51230,26407,74178,21566,95048,3287,275185,26.2
2022,1,Misiones,51,3873,35655,22261,26855,15854,58610,8349,171508,41.87
2022,1,Neuquén,137,1123,39856,15623,11163,2654,71238,7885,149679,43.05
2022,1,Río Negro,116,1383,35565,18859,26926,14144,37729,22652,157374,31.09
2022,1,Salta,114,1725,35576,68246,6313,2214,76838,6489,197515,36.71
2022,1,San Juan,26,2269,32356,11914,25144,2088,11916,2465,88178,11.99
2022,1,San Luis,61,643,8287,3837,9802,68612,13,28589,119844,20.95
2022,1,Santa Cruz,51,6898,12710,11502,12277,2628,2551,485,49102,10.89
2022,1,Santa Fe,468,12435,143796,208361,84787,58018,344170,18444,870479,38.89
2022,1,Santiago Del Estero,178,1401,30220,61170,13542,849,8309,792,116461,14.5
2022,1,Tierra Del Fuego,24,894,12849,15640,18034,1767,982,2421,52611,10.73
2022,1,Tucumán,39,2212,36028,46961,21014,5211,133846,273,245584,47.24
2021,4,Buenos Aires,37821,11026,352950,331292,297296,196021,3259793,22958,4509157,60.2091238315554
2021,4,Capital Federal,563,1695,47133,81899,66135,66755,1147939,0,1412119,82.94995496542248
2021,4,Catamarca,71,0,6038,7855,9804,3262,29827,2233,59090,46.380057758939095
2021,4,Chaco,461,112,18845,22678,21937,13692,58435,7585,143745,42.342637514688604
2021,4,Chubut,126,1294,63698,39568,31175,5780,2904,15763,160308,9.082660638555467
2021,4,Córdoba,100,2479,184548,130892,76246,41198,538700,12607,986770,46.36090745799214
2021,4,Corrientes,67,645,28830,26368,22922,10087,39911,7082,135912,35.772659194287044
2021,4,Entre Ríos,107,3024,56043,49636,38295,24068,77290,16583,265046,33.31712584167462
2021,4,Formosa,84,0,22908,6983,6811,1135,13775,1967,53663,28.75764894769421
2021,4,Jujuy,58,175,22446,16793,38134,564,33421,2324,113915,27.144343038417077
2021,4,La Pampa,301,493,64840,9082,12259,4821,12184,3027,107007,13.853882842854395
2021,4,La Rioja,18,1,5018,5437,23559,5671,43424,0,83128,39.69594513667998
2021,4,Mendoza,156,1463,66428,30308,75214,18621,75031,366,267587,22.23158340100516
2021,4,Misiones,51,5,41916,23554,26721,15954,54596,8335,171132,38.903349250907574
2021,4,Neuquén,140,940,42313,13264,10515,3310,69217,7767,147466,40.092530111167584
2021,4,Río Negro,156,1174,38373,19878,31255,4130,36142,22645,153753,27.20317045489215
2021,4,Salta,114,20,40673,69324,6642,3535,72622,6475,199405,33.940639744985226
2021,4,San Juan,44,1442,28906,10955,23978,398,9800,4435,79958,11.052749308157779
2021,4,San Luis,62,264,8550,4276,9107,67363,9,29218,118849,20.90972444801464
2021,4,Santa Cruz,52,297,20305,11641,13054,1770,876,491,48486,8.990650984477549
2021,4,Santa Fe,467,581,169706,206856,85690,62349,322015,18777,866441,36.024023837275145
2021,4,Santiago Del Estero,178,909,31915,61524,12205,800,7537,793,115861,13.84088684951507
2021,4,Tierra Del Fuego,26,385,13505,16534,16562,1748,1017,2580,52357,10.696704944050465
2021,4,Tucumán,39,97,37321,48736,21023,5326,125857,240,238639,45.14812243339947
2021,3,Buenos Aires,37193,31149,1108940,248153,141383,192797,2482266,9728,4251609,56.25755092469591
2021,3,Capital Federal,295,603,156978,67013,39785,73502,1075229,0,1413405,77.71207106907312
2021,3,Catamarca,71,0,6755,8428,10517,1659,26618,2206,56254,43.43333599763174
2021,3,Chaco,301,112,22545,20986,23852,14412,49705,7958,139871,39.113135809207584
2021,3,Chubut,104,105,89168,26281,18538,5320,1643,14907,156066,8.176860363136605
2021,3,Córdoba,99,2452,204989,141285,65050,47198,476459,9256,946788,41.92778724566202
2021,3,Corrientes,67,645,29629,28478,24792,9687,35468,5053,133819,32.16890082785829
2021,3,Entre Ríos,107,3024,61354,59776,39114,16284,67961,12755,260375,29.60123187949277
2021,3,Formosa,381,0,22778,7142,6978,1192,12707,1617,52795,26.689426784946654
2021,3,Jujuy,48,175,23884,16417,37755,561,29917,2401,111158,25.980702520297545
2021,3,La Pampa,298,313,65063,7395,8737,4023,10506,4152,100487,12.99161507240359
2021,3,La Rioja,18,1,5366,5979,23315,4868,42613,0,82160,38.86795185445044
2021,3,Mendoza,36,31,151871,12640,62628,7596,21087,50,255939,13.365156173184467
2021,3,Misiones,51,5,41932,25099,26079,14792,42291,8279,158528,30.87871831426499
2021,3,Neuquén,112,327,57441,8566,6234,3631,57919,5579,139809,38.34222315428742
2021,3,Río Negro,125,557,68991,3730,14880,2282,34011,20009,144585,25.400065197148727
2021,3,Salta,101,20,41431,70104,6962,3878,67010,6327,195833,31.209681857038827
2021,3,San Juan,18,333,59873,752,13250,338,278,4641,79483,7.041300820394967
2021,3,San Luis,60,0,11552,2405,6491,67942,22,29392,117864,21.69870707116376
2021,3,Santa Cruz,50,0,30561,8365,6799,1788,678,735,48976,7.692326941812981
2021,3,Santa Fe,467,579,193207,201250,83941,55080,290793,16267,841584,33.13229624738131
2021,3,Santiago Del Estero,123,909,32752,61838,11274,801,6863,898,115458,13.352723533519553
2021,3,Tierra Del Fuego,17,0,23723,13397,9782,1433,976,895,50223,9.52
2021,3,Tucumán,32,97,39446,50293,21986,5300,115154,164,232472,42.10118530571482
2021,2,Buenos Aires,37192,31178,1096049,244001,140322,236897,2337604,9108,4132351,52.75542937003713
2021,2,Capital Federal,294,603,157558,73568,43859,86655,1037752,66,1400355,72.74675003231476
2021,2,Catamarca,71,0,7219,9091,6828,4941,25388,2206,55744,42.18506376779111
2021,2,Chaco,301,112,23444,21574,24032,16069,47239,7958,140729,37.396909596222066
2021,2,Chubut,104,105,89639,22605,16604,3896,1112,5172,139237,7.67690621713348
2021,2,Córdoba,99,2452,201757,136516,66950,70824,442357,9925,930880,39.59011648994794
2021,2,Corrientes,67,645,29419,27037,24524,10059,32697,5053,129501,30.368054802005656
2021,2,Entre Ríos,107,3024,63518,55349,39468,18484,61605,16077,257632,27.61897306203556
2021,2,Formosa,381,0,22364,7310,7460,1341,11077,1618,51551,23.96630452806761
2021,2,Jujuy,48,175,24182,16577,37908,607,29950,2401,111848,25.812477856862227
2021,2,La Pampa,298,554,64146,7769,8128,3399,9311,4062,97667,12.27922373804818
2021,2,La Rioja,18,1,5312,5971,23298,4825,42158,19,81602,38.534894383007746
2021,2,Mendoza,36,31,137462,10886,56117,4403,20686,50,229671,13.465987205003026
2021,2,Misiones,51,5,41643,25907,25811,16172,38308,8279,156176,28.682221735396933
2021,2,Neuquén,112,327,57713,8631,5871,5943,54008,5645,138250,36.10972145846688
2021,2,Río Negro,125,557,69356,3663,15019,3867,31488,20009,144084,23.748446681442676
2021,2,Salta,101,20,42543,67012,7099,9654,58882,6328,191639,29.239354220742428
2021,2,San Juan,18,333,59989,784,12550,340,278,4641,78933,6.993162601626016
2021,2,San Luis,60,0,11752,2703,5418,65946,22,36917,122818,21.66188998963924
2021,2,Santa Cruz,50,0,30595,8463,6888,1575,676,735,48982,7.629667005202396
2021,2,Santa Fe,467,896,202018,204077,80452,75195,262124,15371,840600,30.7018831645519
2021,2,Santiago Del Estero,123,909,32034,62224,10359,811,6064,1566,114090,12.718797838683303
2021,2,Tierra Del Fuego,17,0,21335,6913,4580,476,889,1483,35693,8.591921426483484
2021,2,Tucumán,32,97,40224,51648,23732,5022,109616,2680,233051,40.30992032851357
2021,1,Buenos Aires,36939,31187,1108368,240520,163747,222061,2246313,10867,4060002,50.78565608506508
2021,1,Capital Federal,135,244,159662,76753,56457,83255,1003041,126,1379673,68.29026886796898
2021,1,Catamarca,71,0,7423,8455,10115,712,22996,2196,51968,39.96652623965282
2021,1,Chaco,301,112,24357,22102,27556,14496,42462,8384,139770,33.6262012999863
2021,1,Chubut,106,109,86986,21401,15392,2844,1112,4390,132340,7.531527409144197
2021,1,Córdoba,93,2386,211799,135092,74659,71984,402191,12677,910881,36.168799328437636
2021,1,Corrientes,67,527,31544,26223,26169,9001,27641,5453,126625,25.985171359720066
2021,1,Entre Ríos,105,2911,67255,56060,42432,15774,54600,12826,251963,23.871334373183572
2021,1,Formosa,56,0,22409,7569,7916,1215,9579,1942,50686,20.980327506975218
2021,1,Jujuy,49,175,23735,17293,40649,568,25609,2378,110456,26.777362312404005
2021,1,La Pampa,298,554,68200,7864,7611,2786,7368,2424,97105,10.728511929531797
2021,1,La Rioja,18,1,36749,5968,4604,215,5074,-1,52628,12.697554732181876
2021,1,Mendoza,28,40,134386,11216,52533,4061,16615,44,218923,12.599361245254226
2021,1,Misiones,51,524,40949,25503,27101,14050,32953,8256,149387,25.076826126081443
2021,1,Neuquén,116,327,56171,8443,5903,5677,50840,5758,133235,34.23850264753642
2021,1,Río Negro,125,466,70011,4187,13045,3642,29589,20103,141168,21.923906760830956
2021,1,Salta,109,20,40785,68149,9164,8139,54889,6319,187574,27.31884069404982
2021,1,San Juan,25,194,60439,858,11494,340,276,4641,78267,6.910089995382067
2021,1,San Luis,58,0,11889,2926,4429,62913,22,36917,119154,21.594379804710776
2021,1,Santa Cruz,50,0,30655,8334,6987,1337,647,-1945,46065,7.501531847531764
2021,1,Santa Fe,518,891,201632,204458,91846,65476,236924,24382,826127,28.130630073152936
2021,1,Santiago Del Estero,123,909,33884,58464,8549,700,4868,4144,111641,11.584174516498134
2021,1,Tierra Del Fuego,17,0,21379,1468,4317,486,919,11836,40422,8.734752396277898
2021,1,Tucumán,29,97,42810,53416,25255,4188,103437,2680,231912,37.97961958190828
2020,4,Buenos Aires,36939,31197,1109865,242243,214171,213588,2176242,9016,4033261,50.008380839635755
2020,4,Capital Federal,135,244,160210,78123,60208,80269,1000073,268,1379530,67.32513676879374
2020,4,Catamarca,71,0,8843,8740,11436,591,20406,2309,52396,37.6500877273544
2020,4,Chaco,301,112,24782,22479,26802,15701,40949,7965,139091,32.45204676418101
2020,4,Chubut,106,109,88157,21824,12046,2818,1112,4402,130574,7.383087626414736
2020,4,Córdoba,119,2386,214963,135262,82221,70013,384169,13568,902701,35.120601241883946
2020,4,Corrientes,67,527,31900,26321,25687,9383,26789,4985,125659,25.446700896630592
2020,4,Entre Ríos,105,2911,65659,53556,40755,16600,53141,14654,247381,24.05327825306045
2020,4,Formosa,56,0,23540,7606,7181,1197,8946,1680,50206,19.6983490087788
2020,4,Jujuy,49,182,23772,14379,44930,446,19282,2811,105851,25.20639328416149
2020,4,La Pampa,298,554,70184,8124,6562,2396,6257,2520,96895,9.875605170860927
2020,4,La Rioja,18,1,36906,6060,4633,181,4979,0,52778,12.534655980598345
2020,4,Mendoza,28,40,146312,11172,40396,3378,11557,2570,215453,11.093171319457166
2020,4,Misiones,51,524,39988,26078,26445,14810,32264,7001,147161,24.956617779680364
2020,4,Neuquén,116,327,56434,8478,5791,5493,50776,5720,133135,33.90786486677393
2020,4,Río Negro,125,466,70305,4153,13131,3512,29372,20146,141210,21.636719189849995
2020,4,Salta,109,514,41443,68829,15188,8291,46697,6319,187390,25.322439650744734
2020,4,San Juan,25,194,61316,740,5126,332,275,4588,72596,6.412867397953183
2020,4,San Luis,58,0,14020,3490,2688,62239,22,36918,119435,21.252954082189127
2020,4,Santa Cruz,47,0,27173,4382,6634,1033,647,758,40674,7.492108628119051
2020,4,Santa Fe,518,891,206372,203793,94246,65145,226246,23602,820813,27.294352446215623
2020,4,Santiago Del Estero,123,909,34518,57590,4666,411,4520,3932,106669,11.280765527511996
2020,4,Tierra Del Fuego,17,0,21881,6119,3497,488,922,6690,39614,8.486806949337868
2020,4,Tucumán,29,97,44095,54334,32155,4105,93594,2680,231089,36.442246829152964
2020,3,Buenos Aires,37542,31514,1113823,234710,219772,194248,2085815,19853,3937277,48.37662390811511
2020,3,Capital Federal,264,312,162222,85083,68753,78028,977766,247,1372675,63.80852025607172
2020,3,Catamarca,63,0,8276,8768,11195,562,18886,2154,49904,36.540436607329845
2020,3,Chaco,308,112,24675,21639,27546,13751,38729,7194,133954,30.802726948564217
2020,3,Chubut,158,109,87559,22114,12217,2818,1110,3942,130027,7.402074441844787
2020,3,Córdoba,168,3064,218599,124833,84236,63823,361021,11728,867472,33.51119497419789
2020,3,Corrientes,72,527,35190,23315,25308,8615,25344,5020,123391,23.851523971242955
2020,3,Entre Ríos,130,2911,66648,51478,40797,14377,49395,15759,241495,22.432598646206184
2020,3,Formosa,391,151,23163,7432,7125,991,8219,1737,49209,18.282832069430402
2020,3,Jujuy,55,182,32131,10566,45198,293,15238,3065,106728,21.910419686869954
2020,3,La Pampa,293,810,66695,7820,5577,2189,6322,4029,93735,10.697630905402091
2020,3,La Rioja,21,1,37105,5955,4660,124,4748,2,52616,12.194703767058197
2020,3,Mendoza,58,40,141404,12123,42433,3448,8237,45,207788,10.18749103459563
2020,3,Misiones,71,524,39005,24215,25942,13663,30987,8779,143186,24.141761872521517
2020,3,Neuquén,218,327,60463,6561,5975,5449,49439,803,129235,31.46090402703376
2020,3,Río Negro,114,466,68986,3769,7096,3455,28488,19093,131467,21.077778703258762
2020,3,Salta,129,514,32780,64736,15990,7928,43773,14996,180846,25.261155924027737
2020,3,San Juan,48,194,65526,711,6529,41,128,4150,77327,6.027864793582682
2020,3,San Luis,105,0,12199,3351,2666,61319,8,36917,116565,20.84992813378867
2020,3,Santa Cruz,66,0,26888,4015,6730,629,120,833,39281,6.649363712026633
2020,3,Santa Fe,568,1241,213353,199381,92095,58797,210562,27001,802998,25.690941341268072
2020,3,Santiago Del Estero,133,909,33287,57418,4658,292,3994,4801,105492,10.879017270659741
2020,3,Tierra Del Fuego,11,0,22094,5414,3726,481,937,6992,39655,8.506676055475614
2020,3,Tucumán,52,97,45913,54610,33126,3246,84195,2637,223876,34.835801698615526
2020,2,Buenos Aires,37542,31606,1129236,241336,233132,188995,1894466,21233,3777546,45.66197363212277
2020,2,Capital Federal,264,312,166474,94585,79858,80160,935481,687,1357821,60.4844973584038
2020,2,Catamarca,63,0,8801,8690,10242,426,16578,3176,47976,34.92595642857143
2020,2,Chaco,308,928,24350,21140,29044,12082,33311,6969,128132,27.952284674364286
2020,2,Chubut,158,109,69578,22188,10537,1473,614,3999,108656,7.605487984559083
2020,2,Córdoba,168,4383,219025,125932,89530,63216,325243,8971,836468,30.987577637139466
2020,2,Corrientes,72,527,34242,22845,25844,7898,22418,5020,118866,22.15030606257576
2020,2,Entre Ríos,130,3679,66758,50640,42090,12856,43391,14569,234113,20.448621178442586
2020,2,Formosa,391,151,23534,7109,6998,961,7475,1313,47932,16.870258993114398
2020,2,Jujuy,55,182,30548,10519,26829,209,9417,16557,94316,15.864013631862552
2020,2,La Pampa,293,810,71218,7531,3800,1657,3377,1123,89809,8.028862255598405
2020,2,La Rioja,21,1,37375,5661,4686,73,4336,2,52155,11.669110961977259
2020,2,Mendoza,58,40,142253,12439,35274,3248,5422,2450,201184,9.274562732094155
2020,2,Misiones,71,524,39867,23719,26445,12305,28763,8646,140340,22.560122617583183
2020,2,Neuquén,218,327,61171,6103,6625,5296,46432,0,126172,29.100147623878513
2020,2,Río Negro,114,466,70817,3335,7498,3246,26953,17057,129486,19.679596047283173
2020,2,Salta,129,514,41801,64463,16989,7741,39594,6531,177762,22.55853618795662
2020,2,San Juan,48,194,59113,917,4908,40,127,4430,69777,6.308614963196474
2020,2,San Luis,105,0,11439,3585,1934,60889,8,35992,113952,21.02062693689071
2020,2,Santa Cruz,66,0,26938,4166,6541,546,119,493,38869,6.593202418178028
2020,2,Santa Fe,568,2061,213054,198772,96575,57236,189473,20193,777932,23.925791608984095
2020,2,Santiago Del Estero,133,1779,32557,57709,5178,247,3328,4516,105447,10.411619106122004
2020,2,Tierra Del Fuego,11,0,22325,5186,3034,391,796,7446,39189,8.128329395457266
2020,2,Tucumán,52,97,49028,54537,34184,2246,74377,2635,217156,32.70453443718797
2020,1,Buenos Aires,38215,36802,1122034,236421,247977,205780,1802583,28935,3718747,45.18128807375552
2020,1,Capital Federal,264,312,169651,102254,89665,85899,906009,0,1354054,58.70568296242247
2020,1,Catamarca,63,0,8838,7543,9558,408,10299,2151,38860,29.132225012939607
2020,1,Chaco,308,928,23291,19976,29851,10416,28539,6917,120226,25.942049334121737
2020,1,Chubut,158,109,69586,12957,7756,1240,614,4500,96920,7.117047781865397
2020,1,Córdoba,142,5128,217229,120188,95827,65733,296875,9802,810924,29.394787835061326
2020,1,Corrientes,72,527,33479,21382,26679,7351,19467,4780,113737,20.538999274943325
2020,1,Entre Ríos,130,4081,72280,47132,41125,11988,39794,13762,230292,19.029765335057498
2020,1,Formosa,1127,342,23761,6500,6564,964,6918,100,46276,15.697352607415109
2020,1,Jujuy,55,182,33120,9979,26693,166,7349,16545,94089,14.14492205715465
2020,1,La Pampa,293,811,72740,7199,3029,1342,2113,1618,89145,7.291757720474826
2020,1,La Rioja,21,1,37209,5158,4640,22,1294,0,48345,7.962418947150687
2020,1,Mendoza,58,40,140410,12285,17489,2860,3818,0,176960,8.440867710216997
2020,1,Misiones,71,524,36622,21271,26433,11581,26313,10885,133700,22.148213068436263
2020,1,Neuquén,218,327,60152,5257,7123,5399,43738,0,122214,27.76828207897622
2020,1,Río Negro,114,466,69154,2930,7857,3199,25488,17719,126927,19.06030056406124
2020,1,Salta,129,514,38537,63714,17991,8625,34744,6441,170695,21.425047243902736
2020,1,San Juan,48,194,59787,1594,1292,40,127,4779,67861,6.036984591484099
2020,1,San Luis,105,0,11322,4164,525,58258,5,36075,110454,20.989379744282658
2020,1,Santa Cruz,67,11,27447,4993,5169,529,119,0,38335,6.417170627364028
2020,1,Santa Fe,696,2994,217553,196826,104560,48448,173823,17656,762556,22.42405677003625
2020,1,Santiago Del Estero,133,1779,33086,56884,3737,135,2799,4501,103054,10.00053908049476
2020,1,Tierra Del Fuego,11,1,22976,5024,1834,196,518,7046,37606,7.410865837696335
2020,1,Tucumán,52,97,49555,50383,31096,1730,67536,0,200449,32.24553094303289
2019,4,Buenos Aires,33489,27537,1177446,262297,247106,452570,1465133,20676,3686254,30.769694141005864
2019,4,Capital Federal,307,15,177098,110218,110852,205810,753805,0,1358105,44.203178670085876
2019,4,Catamarca,63,0,9945,7619,9305,804,7477,3098,38311,24.878307670462615
2019,4,Chaco,83,0,25899,18959,30902,13516,21556,6988,117903,23.37495080016229
2019,4,Chubut,158,4,69405,12945,7615,1240,614,4121,96102,6.994113523445059
2019,4,Córdoba,142,0,232781,118232,109330,114111,221742,10350,806688,26.16228061451293
2019,4,Corrientes,72,0,35055,20620,27367,9981,15744,4995,113834,19.255411607971407
2019,4,Entre Ríos,47,0,88203,44511,42962,18976,30153,14178,239030,17.007580897657125
2019,4,Formosa,1127,191,24606,6319,6788,1766,5671,243,46711,14.525629551519327
2019,4,Jujuy,55,0,32920,9632,26764,102,5286,14122,88881,12.959200042804211
2019,4,La Pampa,293,313,76747,6900,1951,1287,1342,1566,90399,6.526152195693043
2019,4,La Rioja,21,0,37846,5045,4763,22,1305,0,49002,8.000880364029628
2019,4,Mendoza,746,9,145139,12955,15237,2165,2628,6901,185780,7.785200889987086
2019,4,Misiones,71,0,39664,20840,27305,15626,20799,11508,135813,20.32034743574273
2019,4,Neuquén,218,1,57370,4439,7357,12059,35001,0,116445,26.01988431478295
2019,4,Río Negro,114,0,71847,2797,8558,6968,19837,17019,127140,17.17699897385603
2019,4,Salta,149,1,42159,67656,15369,14170,25821,7120,172445,19.08357302283381
2019,4,San Juan,48,1,60626,1594,1292,40,127,1246,64974,6.040171698468491
2019,4,San Luis,105,0,11901,4164,525,55216,3,36287,108201,20.690353422143115
2019,4,Santa Cruz,67,0,32368,4346,2224,7,8,350,39370,5.207925064069708
2019,4,Santa Fe,698,0,230234,190664,113527,70998,135576,27472,769169,20.54719701980728
2019,4,Santiago Del Estero,133,908,34911,56309,3756,105,2449,5017,103588,9.792201844355846
2019,4,Tierra Del Fuego,11,0,23593,5050,1848,139,1962,7789,40392,7.27
2019,4,Tucumán,55,0,54544,52017,28916,6405,56707,0,198644,29.87038932431276
2019,3,Buenos Aires,238920,44648,1432722,222812,260506,483572,1246209,42294,3971683,25.679380143834067
2019,3,Capital Federal,104,368,269704,120924,138011,258591,655108,0,1442810,38.71410056071139
2019,3,Catamarca,34,43,14449,9285,6333,72,15,2151,32382,9.293407429459826
2019,3,Chaco,69,1216,32764,28198,13336,12987,16740,6917,112227,19.994668122685404
2019,3,Chubut,74,840,62680,13033,7171,1240,614,4500,90152,6.966323588474291
2019,3,Córdoba,83,5824,240151,106651,118486,146247,157546,7353,782341,23.193402364939846
2019,3,Corrientes,10,597,42231,29628,10348,10388,12674,4780,110656,16.69992255090861
2019,3,Entre Ríos,19,4446,99656,56161,17064,21216,22645,15107,236314,14.69513286650061
2019,3,Formosa,1110,349,24943,6049,7117,2262,4443,100,46373,13.22353748406198
2019,3,Jujuy,27,885,31722,9240,26835,56,3671,16545,88981,11.968240929924347
2019,3,La Pampa,237,3289,75849,5922,1611,1359,941,1618,90826,5.719666464891041
2019,3,La Rioja,9,10,38657,4786,4887,22,1307,0,49678,8.002375296912113
2019,3,Mendoza,21,1269,206821,2958,10093,1263,349,0,222774,6.10822854552147
2019,3,Misiones,47,1928,43530,29375,11256,16107,16650,12206,131099,17.931522461372833
2019,3,Neuquén,45,2258,62909,4586,9597,16923,28458,122,124898,23.74841515996666
2019,3,Río Negro,47,1234,87435,2348,9779,10176,15505,17719,144243,15.983718503999242
2019,3,Salta,49,900,43160,62230,14309,11418,12357,7515,151938,14.746465244455523
2019,3,San Juan,22,171,68315,2245,1267,41,128,4779,76968,6.038229508650902
2019,3,San Luis,57,100,18643,5113,467,62242,5,36075,122702,19.743826982349614
2019,3,Santa Cruz,28,84,31612,4472,1203,27,4,0,37430,5.017746940956451
2019,3,Santa Fe,640,8184,242454,193286,107068,84325,97082,19537,752576,18.165529686687883
2019,3,Santiago Del Estero,39,1832,35554,55172,3612,86,1836,34501,132632,9.389413131426359
2019,3,Tierra Del Fuego,6,14,32133,4692,1756,82,226,9648,48557,6.690701380143412
2019,3,Tucumán,16,110,71043,47693,24354,843,20385,0,164444,19.323994794580525
2019,2,Buenos Aires,199768,46852,1436259,217785,438663,502275,985767,43438,3870807,22.480046018557395
2019,2,Capital Federal,74,1027,281370,124087,239691,296155,475991,0,1418395,30.346259857091994
2019,2,Catamarca,34,43,16631,8670,6049,34,10,2151,33622,8.81
2019,2,Chaco,69,1383,38488,26431,16789,15348,9904,1492,109904,16.01024333099657
2019,2,Chubut,66,3952,69032,10049,1495,74,165,4500,89333,6.054406893543786
2019,2,Córdoba,81,8165,248427,100512,157458,170159,76053,8938,769793,18.43151783191278
2019,2,Corrientes,10,3012,40424,27774,13114,11928,7119,6080,109461,13.833035083816176
2019,2,Entre Ríos,18,5905,100687,52316,23196,24221,10664,17206,234213,12.193357817950574
2019,2,Formosa,1110,349,26512,5399,8384,2639,2258,100,46751,10.836611219480826
2019,2,Jujuy,27,940,26233,8441,26700,27,2600,21765,86733,12.073382280507326
2019,2,La Pampa,236,3289,75406,5191,1366,1445,629,2661,90223,5.492288321417966
2019,2,La Rioja,9,11,39819,4297,4857,13,1298,0,50304,7.894163486005089
2019,2,Mendoza,20,2522,205165,2971,10092,1256,234,0,222260,6.02629690452623
2019,2,Misiones,47,2226,45769,27385,15408,18882,8129,12206,130052,14.50130254739236
2019,2,Neuquén,302,3038,61776,4688,17318,21210,14132,422,122886,17.242865250195976
2019,2,Río Negro,384,1354,86366,2201,10291,12407,6907,18519,138429,11.628050204319907
2019,2,Salta,49,974,59638,36923,16961,14059,6461,7585,142650,12.548748750601563
2019,2,San Juan,22,213,60913,2177,785,7,4,6119,70240,6.118522013069041
2019,2,San Luis,57,102,16575,4964,467,57236,5,37977,117383,19.875972848399364
2019,2,Santa Cruz,25,84,24861,3806,1202,28,4,0,30010,6.008047317560813
2019,2,Santa Fe,321,8427,300124,125176,129741,100131,49865,22323,736108,15.074549058890282
2019,2,Santiago Del Estero,39,1832,63268,21362,3741,108,1205,34501,126056,7.103112882966522
2019,2,Tierra Del Fuego,6,123,41824,4241,1573,96,32,0,47895,6.34
2019,2,Tucumán,16,157,78891,44296,24291,628,18394,0,166673,18.529317885920335
2019,1,Buenos Aires,162513,72296,1429964,202511,576428,576859,705769,6369,3732709,19.643958224230506
2019,1,Capital Federal,74,7417,283787,131007,330122,365713,283463,0,1401583,24.715063293849774
2019,1,Catamarca,34,1708,18761,6443,5606,29,7,2151,34739,7.964005155271879
2019,1,Chaco,69,3801,38719,25632,18965,12393,6368,1035,106982,13.444236269077935
2019,1,Chubut,66,3938,71077,6571,787,74,165,0,82678,5.891730569196159
2019,1,Córdoba,81,20403,242769,96997,200681,127965,50716,6806,746418,15.73486422864591
2019,1,Corrientes,10,6470,38402,26562,15498,9688,5029,0,101659,12.049695550812029
2019,1,Entre Ríos,18,9217,107013,50068,28957,18146,7619,12142,233180,10.659197328953976
2019,1,Formosa,1110,3023,23085,5301,9027,2099,1654,0,45299,9.825089957835713
2019,1,Jujuy,27,2817,30727,7811,4021,30,1141,37162,83736,8.560464217465055
2019,1,La Pampa,236,8327,70538,4466,1061,1354,405,698,87085,5.057861842867403
2019,1,La Rioja,9,1169,40285,4088,5216,17,869,0,51653,7.092792286992043
2019,1,Mendoza,20,1786,205383,2837,5702,111,140,0,215979,5.742764175317399
2019,1,Misiones,47,5946,45266,25890,19111,16552,5167,7654,125633,12.512773459683503
2019,1,Neuquén,1328,3055,52360,1781,21452,17135,11026,6105,114242,15.884653263915219
2019,1,Río Negro,384,1583,84845,2037,13615,9567,5076,3719,120826,10.488420648136287
2019,1,Salta,49,4232,59244,36473,22910,10861,2242,1,136012,10.377100013969459
2019,1,San Juan,22,229,62380,266,520,3,2,560,63982,5.839263189429536
2019,1,San Luis,57,120,21380,53214,345,6,2,23577,98701,8.708555188754593
2019,1,Santa Cruz,25,128,21990,2731,702,26,4,0,25606,5.779992970397563
2019,1,Santa Fe,333,29350,296798,122959,153212,74575,36502,18591,732320,12.986963477266004
2019,1,Santiago Del Estero,39,3372,62895,20691,3959,85,494,0,91535,6.415070737969083
2019,1,Tierra Del Fuego,6,131,38851,3623,641,80,29,0,43361,6.341101450612301
2019,1,Tucumán,16,5188,82240,42877,26210,847,14839,0,172217,16.573299964579572
2018,4,Buenos Aires,134673,73761,1422463,194426,577679,949093,265386,19125,3636606,16.934363010150058
2018,4,Capital Federal,74,7388,283281,143309,330496,437662,186810,0,1389020,22.93530199223472
2018,4,Catamarca,34,1669,17955,6425,5461,29,7,2003,33583,8.043920202659912
2018,4,Chaco,69,3405,36437,25633,18965,12393,6368,0,103270,13.492083570210347
2018,4,Chubut,66,3917,66061,6215,531,623,165,1144,78722,6.085223903684034
2018,4,Córdoba,81,24102,228475,97277,201639,128053,48809,8903,737339,15.813667433629776
2018,4,Corrientes,10,6438,37376,26562,15498,9688,5029,0,100601,12.138923393387724
2018,4,Entre Ríos,18,8769,94780,50027,29002,18146,7612,13693,222047,11.023282490376955
2018,4,Formosa,1110,3074,22962,5285,9027,2092,1654,0,45204,9.816893711913803
2018,4,Jujuy,27,2803,30727,7811,4021,30,1141,43573,90133,8.562737601752614
2018,4,La Pampa,241,7727,70508,3661,978,1328,270,923,85636,4.319094957943483
2018,4,La Rioja,9,1164,40285,4088,5216,17,869,3,51651,7.0933821251548945
2018,4,Mendoza,20,1463,197450,2494,4726,19,132,0,206304,5.746675102434321
2018,4,Misiones,47,5981,43267,26019,19226,16566,5167,0,116273,12.495112674155788
2018,4,Neuquén,1328,3044,52313,1781,21452,17135,11025,6287,114365,15.89123364607043
2018,4,Río Negro,384,1225,83412,643,13440,9569,5070,3094,116837,10.487005565275494
2018,4,Salta,49,3659,58492,36365,22910,10861,2242,0,134578,10.45728408913591
2018,4,San Juan,22,1465,59811,180,312,1,1,606,62398,5.715266539357845
2018,4,San Luis,57,109,19164,53183,119,62,2,23635,96331,8.818992791900516
2018,4,Santa Cruz,25,115,23107,779,206,1,4,531,24768,5.1195073647728675
2018,4,Santa Fe,335,31397,276301,121009,152039,74432,36427,28450,720390,13.179234899969483
2018,4,Santiago Del Estero,39,3250,61347,20127,3686,77,483,326,89335,6.309255243851745
2018,4,Tierra Del Fuego,6,27,29919,6323,9894,24,67,0,46260,7.436562008214025
2018,4,Tucumán,16,5244,82089,42766,26111,847,14839,92,172004,16.58323444553027
2018,3,Buenos Aires,991,80459,1445733,190805,636090,897964,237248,120464,3609754,16.77973513236217
2018,3,Capital Federal,73,8493,287919,147253,370677,415020,165055,0,1394490,21.643368364061413
2018,3,Catamarca,34,1994,18475,6358,5320,34,7,2151,34373,7.806521941530631
2018,3,Chaco,70,3503,38729,24916,20335,11085,5667,1035,105340,12.89496189060927
2018,3,Chubut,67,3951,91096,6162,531,623,164,0,102594,6.076722322942862
2018,3,Córdoba,81,24767,224471,96372,221984,109333,39854,6490,723352,14.8182495375679
2018,3,Corrientes,11,6754,38364,24953,16601,8357,4419,0,99459,11.493228365457123
2018,3,Entre Ríos,18,9048,96095,45651,31353,15111,6786,0,204062,10.524753506287304
2018,3,Formosa,1110,3365,22624,5259,9336,1729,1434,0,44857,9.318495441068285
2018,3,Jujuy,345,3020,29048,7756,4066,39,623,0,44897,7.669872151814152
2018,3,La Pampa,242,8417,68507,3153,920,1189,216,698,83342,4.283048376167659
2018,3,La Rioja,9,1291,40647,4138,5425,20,339,0,51869,6.156013225626096
2018,3,Mendoza,20,1525,199297,2476,4727,27,129,0,208201,5.786015677158131
2018,3,Misiones,48,5749,39617,24747,21212,14674,4547,0,110594,12.487485758721087
2018,3,Neuquén,1396,2244,55822,1647,23785,15218,9718,6105,115935,14.674244286624784
2018,3,Río Negro,409,5221,75929,512,14912,8470,4332,3719,113504,10.06446008106754
2018,3,Salta,116,3721,61795,32782,25582,9224,502,0,133722,9.265848177562406
2018,3,San Juan,22,1326,62525,180,312,3,1,0,64369,5.738204725877363
2018,3,San Luis,57,109,19170,52940,119,63,2,1902,74362,8.814987579354126
2018,3,Santa Cruz,26,116,32815,778,206,1,3,0,33945,5.369715716600383
2018,3,Santa Fe,467,36786,269211,115907,162545,62479,31266,13911,692572,12.357326043488575
2018,3,Santiago Del Estero,41,2550,60260,19116,3806,64,265,0,86102,5.779842512369051
2018,3,Tierra Del Fuego,6,187,41569,2270,231,24,13,0,44300,5.98788374717833
2018,3,Tucumán,16,5993,81559,43282,27062,941,12187,0,171040,15.255950362488306
2018,2,Buenos Aires,1009,81354,1459443,295457,816056,536049,199589,113357,3502314,14.679375512175804
2018,2,Capital Federal,73,9234,290291,219166,445345,264805,142253,0,1371167,18.93813458927817
2018,2,Catamarca,34,2414,14624,6112,4347,36,6,6500,34073,7.693096507452943
2018,2,Chaco,70,2968,34167,24282,21887,9251,4630,1035,98290,12.499460181995785
2018,2,Chubut,67,4471,85598,5369,4,5,9,5010,100533,5.329857730598913
2018,2,Córdoba,81,21779,219630,102596,244291,78852,34950,8110,710289,13.876809406349514
2018,2,Corrientes,11,7047,38268,24066,17926,6780,3862,0,97960,10.87765289559918
2018,2,Entre Ríos,18,8179,94459,44570,34281,12012,5920,0,199439,10.186702751759963
2018,2,Formosa,1110,3568,22409,5176,9727,1313,1243,0,44546,8.974986530777175
2018,2,Jujuy,345,3320,29319,8083,3977,44,7,0,45095,6.289345589213642
2018,2,La Pampa,244,8797,68083,2409,965,969,179,698,82344,4.098364171057469
2018,2,La Rioja,9,1384,40679,4198,5640,20,15,0,51945,5.591861584368082
2018,2,Mendoza,20,1658,164596,515,266,17,72,33788,200932,5.880529663045039
2018,2,Misiones,48,6092,39489,23569,23747,11888,3866,0,108699,11.759657402552001
2018,2,Neuquén,1396,2408,56035,1314,26417,12442,8551,6105,114668,13.365011560107956
2018,2,Río Negro,409,5298,75056,523,16480,6663,3725,3975,112129,9.509595114373948
2018,2,Salta,116,3990,61763,33285,28431,7239,182,0,135006,8.928271706442677
2018,2,San Juan,22,1378,57591,11,0,3,0,5068,64073,5.845597830692315
2018,2,San Luis,57,101,11992,11,0,7,2,9284,21454,5.9005751848808545
2018,2,Santa Cruz,26,120,28600,655,100,1,3,4267,33772,5.1892899508557875
2018,2,Santa Fe,744,34267,262603,112143,175540,50525,26512,22257,684591,11.74888462281756
2018,2,Santiago Del Estero,41,2717,41362,18721,3278,31,31,17589,83770,5.9110016469983835
2018,2,Tierra Del Fuego,6,188,40912,2217,75,0,0,107,43505,5.942745057375916
2018,2,Tucumán,16,6735,79899,44968,27059,1084,8784,1305,169850,13.506545729627103
2018,1,Buenos Aires,1514,74766,1445752,292732,886678,480237,184203,105818,3471700,14.198889644680946
2018,1,Capital Federal,89,10039,292566,222737,487826,227953,127384,0,1368594,17.74557730418008
2018,1,Catamarca,34,2896,14770,6145,3539,41,4,6500,33929,8.198860528714677
2018,1,Chaco,70,3261,32516,24488,23296,8219,3897,1035,96782,12.444064678644967
2018,1,Chubut,67,4314,83161,5358,4,5,9,5010,97928,5.418637938827784
2018,1,Córdoba,281,23922,222815,104300,266259,57137,29228,10049,713991,12.790571217400485
2018,1,Corrientes,11,5005,37152,24038,19068,5890,3256,0,94420,11.118502865253635
2018,1,Entre Ríos,18,8861,90080,45599,37401,9818,5071,0,196848,9.875239366998759
2018,1,Formosa,1110,3803,10092,5117,10061,1091,1046,0,32320,11.056815367469506
2018,1,Jujuy,345,4807,27219,8044,3925,49,4,0,44393,6.741185879384532
2018,1,La Pampa,245,8119,67104,1616,1076,614,98,3503,82375,3.995131352064104
2018,1,La Rioja,9,1485,40680,4217,5831,19,1,0,52242,5.890820604111634
2018,1,Mendoza,20,1662,164599,501,266,19,72,33788,200927,5.881626969169374
2018,1,Misiones,48,4700,35820,23291,26223,10241,3219,0,103542,12.082189465143012
2018,1,Neuquén,1396,2367,59468,1311,29012,9709,7378,6105,116746,11.96045995607415
2018,1,Río Negro,409,5333,74894,530,17997,4972,3129,3975,111239,8.976243194361576
2018,1,Salta,116,4459,60334,33088,30771,5145,88,0,134001,9.1894409821995
2018,1,San Juan,22,1058,57078,11,0,3,0,5068,63240,5.850581035549749
2018,1,San Luis,57,101,11920,11,0,7,2,9284,21382,5.89436270457927
2018,1,Santa Cruz,26,120,28600,655,100,1,3,4267,33772,5.1892899508557875
2018,1,Santa Fe,1359,33639,262008,108576,188900,39589,22801,23181,680053,11.173305005746002
2018,1,Santiago Del Estero,41,2910,41298,18914,3449,33,2,17589,84236,6.248210722163038
2018,1,Tierra Del Fuego,6,307,33987,2,0,0,0,107,34409,5.768082036032884
2018,1,Tucumán,16,7472,78811,45675,26405,1218,7082,1305,167984,9.355631684806106
2017,4,Buenos Aires,3865,55046,1551194,264645,712513,335140,151747,114182,3188332,12.9720825438982
2017,4,Capital Federal,314,31411,517018,284040,458120,178396,114939,0,1584238,15.20221886916041
2017,4,Catamarca,34,3182,15315,5904,2927,43,2,2151,29558,7.78415435139573
2017,4,Chaco,70,3432,37144,24088,20123,7290,3289,1035,96471,11.702868121959403
2017,4,Chubut,67,4313,83676,5355,7,5,9,0,93432,5.408238076890145
2017,4,Córdoba,291,25411,280837,102892,217602,40898,24251,8429,700611,11.63658470115664
2017,4,Corrientes,11,5220,41080,23686,16046,5053,2675,0,93771,10.384400430891967
2017,4,Entre Ríos,1685,9078,95466,45189,30010,7958,4113,0,193499,9.295960619999066
2017,4,Formosa,1110,4061,13220,4867,6996,977,824,0,32055,10.114170463766307
2017,4,Jujuy,345,5364,26566,7721,3507,44,3,0,43550,6.638821273566491
2017,4,La Pampa,310,8729,66053,1227,792,391,81,3503,81086,3.9758194449815036
2017,4,La Rioja,9,1488,40777,4083,5813,22,3,0,52195,5.877588849506658
2017,4,Mendoza,26,1656,177646,438,278,29,81,0,180154,5.71002586675844
2017,4,Misiones,1053,3900,41723,23131,22262,9091,2735,0,103895,11.324123723249613
2017,4,Neuquén,1396,2372,68036,1325,22781,7528,6300,6105,115843,10.719151524540269
2017,4,Río Negro,409,5598,81078,485,12502,3447,2440,3719,109678,8.045522324672751
2017,4,Salta,636,4275,73284,32842,18968,3559,84,0,133648,8.451742767775633
2017,4,San Juan,22,1062,57525,9,0,2,2,0,58622,5.832260073010133
2017,4,San Luis,59,101,12822,8,0,1,7,1902,14900,5.732208801354054
2017,4,Santa Cruz,68,78,29073,655,100,1,3,0,29978,5.206584828874508
2017,4,Santa Fe,3109,34132,309998,108939,151329,30736,19602,14119,671964,10.297494601847182
2017,4,Santiago Del Estero,41,3091,43544,18773,3359,32,2,0,68842,6.165600214985038
2017,4,Tierra Del Fuego,6,310,31334,2,0,0,0,0,31652,5.203225704536838
2017,4,Tucumán,105,8164,78750,45241,24318,1303,4367,0,162248,9.106021307187058
2017,3,Buenos Aires,6577,51411,1733479,311652,676137,140812,108400,0,3028468,8.425706211853651
2017,3,Capital Federal,283,33924,590689,311411,426300,120675,91917,0,1575199,10.635720274073307
2017,3,Catamarca,52,3204,15383,5758,2563,50,1,0,27011,5.260018066713561
2017,3,Chaco,95,3496,40059,23008,20307,3827,2004,0,92796,8.484871287555498
2017,3,Chubut,436,3989,71843,2336,3,0,0,0,78607,3.4783469156690874
2017,3,Córdoba,327,26154,309161,100113,189302,38131,16741,0,679929,9.115572873049981
2017,3,Corrientes,24,5629,44305,22785,15576,2635,1607,0,92561,7.447416428085263
2017,3,Entre Ríos,1691,7545,98032,42947,29011,3878,2397,0,185501,6.993400639349653
2017,3,Formosa,1063,3716,13752,5187,6056,899,459,0,31132,7.06882153411281
2017,3,Jujuy,337,5723,26835,7369,2962,41,2,0,43269,4.689006725369201
2017,3,La Pampa,343,8244,64794,855,588,327,51,0,75202,3.4381011143320657
2017,3,La Rioja,16,1497,40882,3899,5604,23,3,0,51924,5.010090208766659
2017,3,Mendoza,32,95,158461,115,67,29,19,0,158818,3.512962661663036
2017,3,Misiones,1058,4123,42900,22808,23913,3843,1881,0,100526,8.430383025286991
2017,3,Neuquén,2036,1457,72532,1034,20213,7067,4937,0,109276,8.16517738570226
2017,3,Río Negro,422,5641,83900,306,10116,2965,1659,0,105009,5.487278804673885
2017,3,Salta,645,4494,78830,32433,14620,2315,63,0,133400,6.133146206896552
2017,3,San Juan,31,1077,57582,1,0,2,2,0,58695,3.4497842064911834
2017,3,San Luis,63,3,12325,7,0,1,7,0,12406,3.50338739319684
2017,3,Santa Cruz,188,23,29102,542,66,33,1,0,29955,3.610470505758638
2017,3,Santa Fe,3116,34019,320017,104453,125339,24536,12982,0,624462,7.792215148399743
2017,3,Santiago Del Estero,69,3288,40435,18489,3047,30,2,0,65360,5.178558078335373
2017,3,Tierra Del Fuego,9,297,33858,0,0,0,0,0,34164,3.475358271865121
2017,3,Tucumán,109,8948,83070,45302,20514,1361,655,0,159959,6.3851768015553985
2017,2,Buenos Aires,7548,47472,1910156,299009,573298,93059,46178,0,2976720,7.198747751887984
2017,2,Capital Federal,556,35663,726223,304970,378571,80234,37977,0,1564194,8.843219830788254
2017,2,Catamarca,15,3318,15655,5325,2342,47,1,0,26703,5.102182825899711
2017,2,Chaco,191,3733,42590,22349,18044,3157,545,0,90609,7.689213433544128
2017,2,Chubut,403,4186,73760,1880,0,0,0,0,80229,3.44726909222351
2017,2,Córdoba,251,26862,370865,88479,146683,20351,5069,0,658560,7.421321799076774
2017,2,Corrientes,15,5912,46483,21776,13043,2218,647,0,90094,6.7915804826070545
2017,2,Entre Ríos,1680,7944,104422,41800,23524,2604,823,0,182797,6.287810106292773
2017,2,Formosa,1486,3419,14787,4795,4583,749,139,0,29958,6.1786533146404965
2017,2,Jujuy,311,5877,26915,6974,2538,42,1,0,42658,4.541861878194008
2017,2,La Pampa,356,8633,59045,558,336,244,21,0,69193,3.3182593614961053
2017,2,La Rioja,9,1554,9304,3599,1796,24,2,0,16288,5.53385510805501
2017,2,Mendoza,109,24,177203,92,50,5,22,0,177505,3.507255863215121
2017,2,Misiones,1011,4447,47244,22033,21599,2892,570,0,99796,7.604338490520663
2017,2,Neuquén,1542,1395,81272,849,18051,4774,1703,0,109586,6.700610698446883
2017,2,Río Negro,973,5606,88085,245,7990,1921,559,0,105379,4.741350857381452
2017,2,Salta,594,4719,67576,23185,11333,1068,76,0,108551,5.756213134839845
2017,2,San Juan,15,193,58588,0,0,0,4,0,58800,3.4920338095238095
2017,2,San Luis,8,4,14014,0,0,1,2,0,14029,3.502824149975052
2017,2,Santa Cruz,188,24,30913,541,66,33,0,0,31765,3.60311348968991
2017,2,Santa Fe,4967,38721,311830,92854,97563,16794,4275,0,567004,6.838749250446204
2017,2,Santiago Del Estero,26,3539,20384,6432,2802,16,0,0,33199,5.05794740805446
2017,2,Tierra Del Fuego,16,285,35409,0,0,0,0,0,35710,3.476761467376085
2017,2,Tucumán,96,9236,83342,42536,17788,1371,21,0,154390,6.093280445624717
2017,1,Buenos Aires,6017,83918,2057698,402315,523540,90937,22299,0,3186724,6.678482577091709
2017,1,Capital Federal,510,1409,678921,218487,277195,66536,19881,0,1262939,8.348147316695423
2017,1,Catamarca,15,3328,15861,4901,2161,49,0,0,26315,4.973784837545127
2017,1,Chaco,191,3835,44544,21467,15671,3025,314,0,89047,7.307905398272823
2017,1,Chubut,401,4182,73759,1808,0,0,0,0,80150,3.4433862008733622
2017,1,Córdoba,50,28732,391556,82011,118643,19035,2071,0,642098,6.799477637369997
2017,1,Corrientes,15,6040,48149,20586,11468,2044,303,0,88605,6.43297127701597
2017,1,Entre Ríos,1680,8080,108379,39146,20562,2254,317,0,180418,5.9514745757075245
2017,1,Formosa,1535,3538,15473,4446,4058,635,22,0,29707,5.742388931901572
2017,1,Jujuy,330,6213,27824,6486,2306,44,0,0,43203,4.393861259634748
2017,1,La Pampa,362,9279,57739,331,192,165,11,0,68079,3.2208135842183347
2017,1,La Rioja,9,1578,9486,3409,1718,22,2,0,16224,5.427180473372781
2017,1,Mendoza,106,15,177201,86,50,5,22,0,177485,3.5072942051440963
2017,1,Misiones,1010,4665,45950,23847,19356,2627,166,0,97621,7.341041988916319
2017,1,Neuquén,1547,1418,83813,902,15130,4223,458,0,107491,6.0348361444213925
2017,1,Río Negro,986,5647,89622,246,6738,1594,200,0,105033,4.449448877971685
2017,1,Salta,579,4861,70922,21554,9386,267,74,0,107643,5.335371217821875
2017,1,San Juan,8,192,58588,0,0,0,4,0,58792,3.492435161246428
2017,1,San Luis,8,4,14014,0,0,1,2,0,14029,3.502824149975052
2017,1,Santa Cruz,190,23,31078,474,68,30,0,0,31863,3.591930075636318
2017,1,Santa Fe,4966,39463,340418,77152,83008,15775,1831,0,562613,6.284036486892411
2017,1,Santiago Del Estero,26,3772,21659,6218,2786,17,0,0,34478,4.948965833284994
2017,1,Tierra Del Fuego,16,285,35409,0,0,0,0,0,35710,3.476761467376085
2017,1,Tucumán,96,9682,86470,39155,15951,1383,13,0,152750,5.8755073256955805
2016,4,Buenos Aires,6055,86281,2085604,403575,467398,72348,17279,0,3138540,6.3515464502603125
2016,4,Capital Federal,517,1477,704324,225723,264582,53506,16756,0,1266885,7.957596242752894
2016,4,Catamarca,15,3478,16519,4889,2077,54,0,0,27032,4.885711305119858
2016,4,Chaco,191,3983,45634,21323,14887,2586,250,0,88854,7.077531005919823
2016,4,Chubut,401,4493,73951,1352,0,0,0,0,80197,3.4071912914448172
2016,4,Córdoba,50,29380,404645,77966,108368,15458,1606,0,637473,6.4667403639056085
2016,4,Corrientes,15,6109,48995,20187,10908,1645,234,0,88093,6.236245604077509
2016,4,Entre Ríos,1680,8253,110296,38491,19509,1801,280,0,180310,5.807350829127614
2016,4,Formosa,1573,3519,15791,4114,3855,649,17,0,29518,5.630674164916322
2016,4,Jujuy,303,6225,27778,6143,2134,43,0,0,42626,4.323962745742035
2016,4,La Pampa,368,9789,56694,16,335,132,11,0,67345,3.1895597297497957
2016,4,La Rioja,9,1646,9635,3334,1675,13,3,0,16315,5.3437624272142195
2016,4,Mendoza,114,16,177194,79,49,5,20,0,177477,3.5066034697453756
2016,4,Misiones,1010,4783,47454,23433,18371,2215,126,0,97392,7.1094758091013635
2016,4,Neuquén,1539,1406,84859,792,14153,3073,271,0,106093,5.678446306542373
2016,4,Río Negro,998,2953,92967,248,6317,1174,122,0,104779,4.369930463165329
2016,4,Salta,577,5027,71636,20787,8611,239,70,0,106947,5.220883577846971
2016,4,San Juan,8,220,58608,0,0,0,4,0,58840,3.491135554044867
2016,4,San Luis,8,4,14014,0,0,1,2,0,14029,3.502824149975052
2016,4,Santa Cruz,189,23,31369,342,80,10,0,0,32013,3.5639164089588604
2016,4,Santa Fe,4966,40102,349722,74401,77667,13155,1529,0,561542,6.0402333289406664
2016,4,Santiago Del Estero,26,3925,22246,6178,2664,15,0,0,35054,4.866794431448622
2016,4,Tierra Del Fuego,16,285,35409,0,0,0,0,0,35710,3.476761467376085
2016,4,Tucumán,96,10021,87994,37721,14389,1400,10,0,151631,5.7277669342021085
2016,3,Buenos Aires,5856,107945,2148475,393530,399116,52900,13318,0,3121140,5.914918008163684
2016,3,Capital Federal,331,995,759027,208249,240856,38341,13886,0,1261685,7.380172699207805
2016,3,Catamarca,15,4038,16183,4845,1853,50,0,0,26984,4.725241179958494
2016,3,Chaco,190,5227,46821,21193,13746,2022,217,0,89416,6.718220363245951
2016,3,Chubut,466,5190,74375,674,0,0,0,0,80705,3.3438663279846357
2016,3,Córdoba,48,41329,415075,75988,99225,11691,1322,0,644678,6.068526923518407
2016,3,Corrientes,15,7425,49471,19956,10006,1263,210,0,88346,5.958192561066714
2016,3,Entre Ríos,1768,10657,110844,38665,17737,1307,248,0,181226,5.586427488329489
2016,3,Formosa,1723,4277,15581,3964,3658,648,10,0,29861,5.4161310069990956
2016,3,Jujuy,286,6878,27425,5943,1978,31,0,0,42541,4.215291130909006
2016,3,La Pampa,374,10187,55792,15,224,114,11,0,66717,3.1449984261882276
2016,3,La Rioja,9,2349,9686,3316,1562,11,2,0,16935,5.076731739002066
2016,3,Mendoza,37,10,178186,73,48,5,17,0,178376,3.50729080145311
2016,3,Misiones,1010,6030,48871,23394,17043,1559,91,0,97998,6.741222269842242
2016,3,Neuquén,1531,1527,87404,680,12541,2118,225,0,106026,5.292166864731292
2016,3,Río Negro,1007,6026,90689,207,5953,790,99,0,104771,4.162924282482748
2016,3,Salta,1107,6922,71214,20229,8099,197,50,0,107818,5.052874436550483
2016,3,San Juan,8,245,58577,0,0,0,2,0,58832,3.4890674462877342
2016,3,San Luis,7,4,14077,0,0,1,2,0,14091,3.5030237740401673
2016,3,Santa Cruz,189,22,31904,221,52,9,0,0,32397,3.53583356483625
2016,3,Santa Fe,3958,49501,360606,72657,69864,10210,1308,0,568104,5.6772637615647845
2016,3,Santiago Del Estero,26,5097,22747,6216,2497,9,0,0,36592,4.670123087013555
2016,3,Tierra Del Fuego,16,285,35080,0,0,0,0,0,35381,3.4765453774624797
2016,3,Tucumán,127,12247,87970,36518,13150,1288,4,0,151304,5.544683260191403
2016,2,Buenos Aires,10786,133385,2250898,335296,334723,31494,11933,0,3108515,5.415144367004824
2016,2,Capital Federal,4352,1736,859038,146091,213010,19597,13477,0,1257301,6.576218932459292
2016,2,Catamarca,15,5736,14742,4567,1496,47,1,0,26604,4.3648359645166135
2016,2,Chaco,197,8063,45823,20346,12090,1571,201,0,88291,6.297357510958081
2016,2,Chubut,572,5421,73078,775,0,0,0,0,79846,3.335973498985547
2016,2,Córdoba,258,57050,437547,71980,82618,8355,1242,0,659050,5.516912823002807
2016,2,Corrientes,41,10018,47916,19200,8851,803,191,0,87020,5.601822569524247
2016,2,Entre Ríos,4734,16368,115000,36917,15522,849,205,0,189595,5.1311427833012475
2016,2,Formosa,1675,5401,14370,3569,3218,593,10,0,28836,5.104132195866278
2016,2,Jujuy,2561,8292,25301,5589,1750,3,0,0,43496,3.843353043958065
2016,2,La Pampa,429,10616,63928,15,119,96,11,0,75214,3.146067806525381
2016,2,La Rioja,10,3151,9043,3190,1344,3,5,0,16746,4.773843067001075
2016,2,Mendoza,437,30,176922,61,44,5,20,0,177519,3.500168567871608
2016,2,Misiones,1973,7899,49586,21385,14820,1073,96,0,96832,6.233660566754793
2016,2,Neuquén,1916,1691,88854,583,10241,1285,208,0,104778,4.86640695565863
2016,2,Río Negro,1189,6107,92158,194,4877,520,86,0,105131,3.976616411905147
2016,2,Salta,2160,10123,70875,18759,7129,140,49,0,109235,4.749378935322928
2016,2,San Juan,10,273,57589,0,0,0,4,0,57876,3.4883718294284334
2016,2,San Luis,12,4,13931,0,0,1,2,0,13950,3.501983369175627
2016,2,Santa Cruz,244,26,31995,142,20,0,0,0,32427,3.5021150276004565
2016,2,Santa Fe,9486,67325,374960,68505,60469,6509,1277,0,588531,5.1385985309185065
2016,2,Santiago Del Estero,704,6705,22208,5943,2108,1,0,0,37669,4.309815179590645
2016,2,Tierra Del Fuego,16,286,38773,0,0,0,0,0,39075,3.478692463211772
2016,2,Tucumán,231,18515,83945,33891,11310,1032,2,0,148926,5.200979761760874
2016,1,Buenos Aires,7350,97879,2214759,289929,247372,8315,9528,0,2875135,4.9921684374839135
2016,1,Capital Federal,2310,43686,869048,178664,192643,6577,10838,0,1303768,6.047403702811701
2016,1,Catamarca,15,6102,14653,4241,1334,42,1,0,26388,4.203588449295134
2016,1,Chaco,194,8755,46304,19388,10587,1238,184,0,86650,5.991472683208309
2016,1,Chubut,94,5095,72396,1066,0,0,0,0,78651,3.3796639330714164
2016,1,Córdoba,148,59484,414452,65763,66455,4143,1039,0,611484,5.156801617049669
2016,1,Corrientes,29,10690,47833,18375,7911,526,170,0,85534,5.37127911707625
2016,1,Entre Ríos,2864,17749,104137,35104,14057,457,165,0,174533,5.084574905605243
2016,1,Formosa,1738,5731,14163,3229,2906,544,5,0,28316,4.872333380420963
2016,1,Jujuy,2543,8558,22383,5188,1623,0,0,0,40295,3.7712213425983374
2016,1,La Pampa,426,11065,52117,15,78,71,11,0,63783,3.0476420362792593
2016,1,La Rioja,10,3382,9060,2980,1254,2,3,0,16691,4.616973938050446
2016,1,Mendoza,235,21,175376,47,43,5,17,0,175744,3.5028689229788785
2016,1,Misiones,959,8502,50061,19195,13363,779,68,0,92927,6.000968717380309
2016,1,Neuquén,1720,1737,86310,479,7893,143,171,0,98453,4.420493149015266
2016,1,Río Negro,1171,6105,90038,203,4246,77,81,0,101921,3.826659196828916
2016,1,Salta,1119,10765,65646,17748,6643,119,31,0,102071,4.741858784571524
2016,1,San Juan,9,309,56447,0,0,0,2,0,56767,3.485523490760477
2016,1,San Luis,8,4,13645,0,0,1,2,0,13660,3.5029004392386534
2016,1,Santa Cruz,168,29,32188,8,0,0,0,0,32393,3.48315808971074
2016,1,Santa Fe,6492,71565,353525,64117,51293,3754,1063,0,551809,4.898136028952046
2016,1,Santiago Del Estero,703,7219,22805,5769,1898,0,0,0,38394,4.174011564306923
2016,1,Tierra Del Fuego,16,285,33003,0,0,0,0,0,33304,3.475082632716791
2016,1,Tucumán,106,20092,84008,31490,10046,871,0,0,146613,5.004036640679885
2015,4,Buenos Aires,7984,100302,2253196,274559,240187,3834,8179,0,2888246,4.884148905856541
2015,4,Capital Federal,2417,46568,916813,172029,198635,3087,10899,0,1350449,5.927803522979041
2015,4,Catamarca,15,6513,14484,4106,1313,39,1,0,26471,4.124268369158702
2015,4,Chaco,194,9593,46771,18608,10092,1136,159,0,86553,5.828384180790961
2015,4,Chubut,625,5774,71881,168,0,0,0,0,78448,3.283865031613298
2015,4,Córdoba,148,63746,427471,62989,67151,3336,1088,0,625929,5.0670814932684065
2015,4,Corrientes,29,11248,48104,17877,7569,456,150,0,85433,5.259482120492081
2015,4,Entre Ríos,2865,18883,104224,33989,13668,399,163,0,174191,5.007855905299356
2015,4,Formosa,1791,6081,14279,2704,2713,519,4,0,28091,4.660308568580684
2015,4,Jujuy,2551,8876,21867,5044,1587,0,0,0,39925,3.7246804758922987
2015,4,La Pampa,592,12951,48798,16,63,49,10,0,62479,2.936747707229629
2015,4,La Rioja,10,3638,9127,2937,1215,2,3,0,16932,4.521671863926294
2015,4,Mendoza,241,23,174719,38,41,5,13,0,175080,3.5017779300891023
2015,4,Misiones,959,9169,51029,17281,13690,675,52,0,92855,5.9022914436487
2015,4,Neuquén,1727,2061,89678,455,7934,9,175,0,102039,4.355592861552936
2015,4,Río Negro,3282,4473,89062,201,4024,5,75,0,101122,3.768932299598505
2015,4,Salta,1122,11387,65677,17139,6507,99,5,0,101936,4.673467038141578
2015,4,San Juan,9,386,55761,0,0,0,2,0,56158,3.481604116955732
2015,4,San Luis,8,4,13473,0,0,1,2,0,13488,3.502937425860024
2015,4,Santa Cruz,188,26,32338,3,0,0,0,0,32555,3.4809679619106126
2015,4,Santa Fe,6659,75770,361264,60985,51258,3079,1189,0,560204,4.809873774553555
2015,4,Santiago Del Estero,703,7836,23074,5669,1856,0,0,0,39138,4.0941016914507635
2015,4,Tierra Del Fuego,16,285,32662,0,0,0,0,0,32963,3.4748248642417257
2015,4,Tucumán,107,21800,83887,29942,9507,837,0,0,146080,4.882297946330778
2015,3,Buenos Aires,8361,107351,2266948,262563,200490,2642,7720,0,2856077,4.700597914270459
2015,3,Capital Federal,2448,49339,942524,159618,175594,2027,10022,0,1341574,5.66468043459464
2015,3,Catamarca,15,6871,14206,4143,812,43,1,0,26091,3.884563872599747
2015,3,Chaco,240,10353,47131,19016,7498,979,157,0,85374,5.46643296553986
2015,3,Chubut,641,5886,71668,167,0,0,0,0,78362,3.2790384114749496
2015,3,Córdoba,150,68765,429787,61109,59372,2582,1048,0,622813,4.867849001225086
2015,3,Corrientes,33,11921,48127,18168,6111,453,146,0,84959,5.063473816782213
2015,3,Entre Ríos,2863,20385,103990,34788,9924,384,153,0,172487,4.766712366729086
2015,3,Formosa,1862,6521,14354,2791,1842,379,2,0,27751,4.166164102194515
2015,3,Jujuy,2549,9278,21588,5169,966,0,0,0,39550,3.532724551201011
2015,3,La Pampa,613,13087,47660,9,55,39,10,0,61473,2.9149322141427945
2015,3,La Rioja,10,3840,9102,2984,832,0,3,0,16771,4.245850575398008
2015,3,Mendoza,256,25,173430,45,18,5,13,0,173792,3.500160951021911
2015,3,Misiones,958,9809,51234,17367,11654,559,43,0,91624,5.634289050903693
2015,3,Neuquén,1733,2124,85044,210,6599,2,155,0,95867,4.2299439848957405
2015,3,Río Negro,3372,4457,88691,99,3826,1,62,0,100508,3.7368314562024914
2015,3,Salta,1126,12223,65405,17451,4318,61,5,0,100589,4.4218314129775615
2015,3,San Juan,9,391,54963,0,0,0,2,0,55365,3.4810928203738825
2015,3,San Luis,9,4,13286,0,0,1,2,0,13302,3.5027538715982556
2015,3,Santa Cruz,190,25,32266,2,0,0,0,0,32483,3.4806877443585873
2015,3,Santa Fe,6767,80817,363177,59531,42021,2320,1133,0,555766,4.559895452402629
2015,3,Santiago Del Estero,703,8332,23158,5956,1249,0,0,0,39398,3.911237321691457
2015,3,Tierra Del Fuego,15,285,36408,2,0,0,0,0,36710,3.4777210569327157
2015,3,Tucumán,107,23687,83654,29998,6232,623,0,0,144301,4.572318667230303
2015,2,Buenos Aires,8714,137188,2299705,243502,159921,2009,6712,0,2857754,4.463495663548014
2015,2,Capital Federal,2493,51799,990111,148569,142976,1482,9258,0,1346689,5.31214873823781
2015,2,Catamarca,15,7253,14003,3776,593,37,1,0,25678,3.6825082950385544
2015,2,Chaco,288,11058,47551,17675,6337,788,149,0,83846,5.194771414259476
2015,2,Chubut,656,6032,55791,168,0,0,0,0,62647,3.2165716474851154
2015,2,Córdoba,156,72695,434717,54993,46415,1956,903,0,611835,4.557937666200854
2015,2,Corrientes,34,12542,48015,17184,5039,379,126,0,83319,4.847197637993736
2015,2,Entre Ríos,2864,21986,104043,32293,7867,354,136,0,169543,4.55056996750087
2015,2,Formosa,1881,6907,14247,2436,1324,257,1,0,27053,3.7649156840276494
2015,2,Jujuy,2479,9474,20248,4792,730,0,0,0,37723,3.4086788431460913
2015,2,La Pampa,5737,8182,46235,27,24,25,10,0,60240,2.8626566401062417
2015,2,La Rioja,10,4082,9093,2680,641,0,3,0,16509,4.001551396208129
2015,2,Mendoza,268,26,170451,42,16,5,13,0,170821,3.4997241088624933
2015,2,Misiones,958,10360,51671,15022,10072,408,33,0,88524,5.327562649676923
2015,2,Neuquén,1755,2348,82727,214,5168,2,110,0,92324,4.059617737533036
2015,2,Río Negro,3413,4525,87362,97,3240,1,51,0,98689,3.666734448621427
2015,2,Salta,1123,13020,64737,16241,3114,29,5,0,98269,4.218121645686839
2015,2,San Juan,8,410,51568,0,0,0,2,0,51988,3.4789192890667078
2015,2,San Luis,9,4,13204,0,0,1,2,0,13220,3.5027709531013613
2015,2,Santa Cruz,210,25,25519,2,0,0,0,0,25756,3.47332349743749
2015,2,Santa Fe,6827,86016,364441,53205,33894,1856,1014,0,547253,4.303196181656382
2015,2,Santiago Del Estero,703,8779,23456,5553,888,0,0,0,39379,3.728811295360471
2015,2,Tierra Del Fuego,15,285,36073,2,0,0,0,0,36375,3.4775158762886598
2015,2,Tucumán,107,25178,83462,26966,4502,455,0,0,140670,4.306812767469965
2015,1,Buenos Aires,8882,123588,2267851,220070,126958,1560,5700,0,2754611,4.323803709346771
2015,1,Capital Federal,2545,59084,1013510,134150,114568,1195,8401,0,1333455,4.999711683876372
2015,1,Catamarca,13,7634,13754,3202,517,9,1,0,25130,3.483603660962992
2015,1,Chaco,26,12053,47425,15883,5346,489,135,0,81357,4.899908797030372
2015,1,Chubut,651,6176,57333,102,0,0,0,0,64262,3.2131565777597957
2015,1,Córdoba,157,78427,432802,46574,37443,1615,815,0,597833,4.304279282006848
2015,1,Corrientes,36,13295,47842,15554,4424,235,98,0,81484,4.628190221393157
2015,1,Entre Ríos,2867,23951,104168,28113,6926,274,119,0,166418,4.3467465057866335
2015,1,Formosa,1891,7336,14413,2024,878,157,1,0,26700,3.3811501123595504
2015,1,Jujuy,2458,9754,19858,3939,603,0,0,0,36612,3.241902108598274
2015,1,La Pampa,6059,8054,45038,26,10,13,10,0,59210,2.8340995102178685
2015,1,La Rioja,11,4201,9379,2207,533,0,3,0,16334,3.7804021060364885
2015,1,Mendoza,287,24,169763,38,16,6,11,0,170145,3.499130670898351
2015,1,Misiones,958,11136,51906,12387,8543,194,26,0,85150,4.973004251321198
2015,1,Neuquén,1895,2577,80787,170,4067,2,76,0,89574,3.9114916381985845
2015,1,Río Negro,3371,4913,86173,94,2632,2,42,0,97227,3.585297088257377
2015,1,Salta,1123,14151,64992,13955,2569,15,5,0,96810,4.022777936163619
2015,1,San Juan,8,445,51346,0,0,0,2,0,51801,3.4769891700932414
2015,1,San Luis,10,8,12720,0,1,0,2,0,12741,3.5009942704654264
2015,1,Santa Cruz,205,27,26048,2,0,0,0,0,26282,3.474217030667377
2015,1,Santa Fe,6883,93096,360964,45270,27597,1542,900,0,536252,4.063283068408137
2015,1,Santiago Del Estero,701,9236,23136,4796,748,0,0,0,38617,3.571104125126239
2015,1,Tierra Del Fuego,14,609,36319,2,0,0,0,0,36944,3.4538780857514078
2015,1,Tucumán,107,27143,83895,23061,3722,334,0,0,138262,4.071078040242438
2014,4,Buenos Aires,8226,132937,2250445,203620,104322,996,5406,0,2705953,4.198943508236657
2014,4,Capital Federal,2698,62895,1038268,123450,95771,890,7997,0,1331972,4.7817877112755625
2014,4,Catamarca,21,8047,14093,2910,421,0,1,0,25493,3.336005334797788
2014,4,Chaco,483,12837,42106,7908,2600,124,2,0,66060,3.977400363306085
2014,4,Chubut,1858,6218,60392,70,0,0,0,0,68538,3.1746491581312557
2014,4,Córdoba,1903,85362,427844,41947,30858,1177,782,0,589873,4.092903062184572
2014,4,Corrientes,40,13860,42182,7513,2106,0,9,0,65710,3.8061123116725004
2014,4,Entre Ríos,2311,27801,88649,18318,3584,1,66,0,140730,3.8000517871100685
2014,4,Formosa,1947,7830,14058,1852,473,47,1,0,26208,3.023326617826618
2014,4,Jujuy,1880,10427,19740,3443,465,0,0,0,35955,3.127642108190794
2014,4,La Pampa,6266,6879,36520,26,5,4,10,0,49710,2.754208730637699
2014,4,La Rioja,9,4333,9728,1943,386,0,3,0,16402,3.582023899524448
2014,4,Mendoza,303,19,169222,36,14,5,12,0,169611,3.498767768599914
2014,4,Misiones,547,11840,53093,8731,2952,54,12,0,77229,4.025619961413459
2014,4,Neuquén,1731,2744,80938,126,3621,2,66,0,89228,3.850772582597391
2014,4,Río Negro,3640,4723,85094,94,2319,4,30,0,95904,3.543129254254254
2014,4,Salta,54,16214,63221,12552,1922,0,4,0,93967,3.862259431502549
2014,4,San Juan,11,478,51628,0,0,0,2,0,52119,3.4752201692281126
2014,4,San Luis,9,0,13135,0,0,1,2,0,13147,3.503621206358865
2014,4,Santa Cruz,156,1400,24145,1,1,0,0,0,25703,3.3330261837139634
2014,4,Santa Fe,8707,99962,359293,36718,21098,869,824,0,527471,3.780707860716513
2014,4,Santiago Del Estero,1246,8913,24181,4359,602,0,0,0,39301,3.4582244726597287
2014,4,Tierra Del Fuego,12,283,31489,2,0,0,0,0,31786,3.4747244698924056
2014,4,Tucumán,17,28746,85091,20631,2733,196,0,0,137414,3.8606123102449525
2014,3,Buenos Aires,7355,128186,2281523,156693,68946,243,4232,0,2647180,3.969046991173242
2014,3,Capital Federal,840,78016,1060145,102169,70907,94,6626,0,1318799,4.437380943390075
2014,3,Catamarca,19,8845,13790,1915,111,0,0,0,24680,2.915176175040519
2014,3,Chaco,398,14731,41934,5428,1274,5,0,0,63770,3.461947812450996
2014,3,Chubut,2013,6281,60771,34,0,0,0,0,69099,3.165741790763976
2014,3,Córdoba,660,98992,435692,28992,18888,84,664,0,583972,3.6600622495599104
2014,3,Corrientes,21,15448,41717,5181,1172,0,0,0,63539,3.410927776641118
2014,3,Entre Ríos,1709,29710,91450,12569,1310,0,48,0,136796,3.3996079417526825
2014,3,Formosa,2001,8323,14202,1324,85,0,0,0,25935,2.6562830152303833
2014,3,Jujuy,127,10979,20216,2305,82,0,0,0,33709,2.9307053902518616
2014,3,La Pampa,6458,6645,41009,24,5,4,10,0,54155,2.816519545748315
2014,3,La Rioja,10,4785,9720,1337,61,0,0,0,15913,3.095178784641488
2014,3,Mendoza,35,0,167763,31,12,13,1,0,167855,3.5028531768490665
2014,3,Misiones,640,13637,53510,5928,1606,0,1,0,75322,3.5775238575714927
2014,3,Neuquén,1522,3099,80090,107,2865,10,27,0,87720,3.7429104879160966
2014,3,Río Negro,3640,5189,86868,87,1944,8,9,0,97745,3.4799791702900404
2014,3,Salta,732,17481,66026,8314,388,0,0,0,92941,3.4109103624880306
2014,3,San Juan,8,487,51276,0,0,0,0,0,51771,3.473725985590389
2014,3,San Luis,8,0,13029,0,0,3,0,0,13040,3.503113190184049
2014,3,Santa Cruz,195,1624,24248,1,1,0,0,0,26069,3.3073222601557406
2014,3,Santa Fe,8230,112593,357615,23962,12124,38,806,0,515368,3.375592912249111
2014,3,Santiago Del Estero,791,9914,23826,2867,142,0,0,0,37540,3.0995465103889184
2014,3,Tierra Del Fuego,12,336,32348,2,0,0,0,0,32698,3.470981711419659
2014,3,Tucumán,6,32716,84668,14101,559,4,0,0,132054,3.349897526769352
2014,2,Buenos Aires,6902,162273,2288771,140226,56548,284,4309,0,2659315,3.851862760043666
2014,2,Capital Federal,847,81431,1078213,87358,56004,58,6427,0,1310340,4.249991223638481
2014,2,Catamarca,19,8844,13794,1915,111,0,0,0,24683,2.915358424826804
2014,2,Chaco,412,14854,41530,5418,1085,5,0,0,63304,3.4206301023631998
2014,2,Chubut,2064,6582,61868,0,0,0,0,0,70514,3.1564052528575886
2014,2,Córdoba,2105,101598,429536,28698,14824,76,627,0,577464,3.5567859606832632
2014,2,Corrientes,20,15563,41219,5199,956,0,0,0,62957,3.3669705989802563
2014,2,Entre Ríos,2187,32781,86757,12564,1162,0,44,0,135495,3.312400309974538
2014,2,Formosa,2032,8218,13944,1321,85,0,0,0,25600,2.6523512500000006
2014,2,Jujuy,1873,11233,18851,2305,82,0,0,0,34344,2.7690316794782204
2014,2,La Pampa,7032,6761,34089,18,5,4,10,0,47919,2.684576055426866
2014,2,La Rioja,10,4785,9719,1337,61,0,0,0,15912,3.095153343388638
2014,2,Mendoza,35,6,166710,31,10,5,10,0,166807,3.503033182060705
2014,2,Misiones,540,13644,53245,5924,1334,2,0,0,74689,3.540023885712756
2014,2,Neuquén,1531,3206,79087,92,2289,2,30,0,86237,3.6647043380451545
2014,2,Río Negro,3468,5507,84978,78,1569,2,8,0,95610,3.4286257504445143
2014,2,Salta,53,18818,64440,8293,388,0,0,0,91992,3.391137751108792
2014,2,San Juan,10,507,51129,0,0,0,0,0,51646,3.4724840645935795
2014,2,San Luis,7,0,13045,0,0,1,2,0,13055,3.5041044810417468
2014,2,Santa Cruz,153,1637,25374,2,0,0,0,0,27166,3.3181516601634393
2014,2,Santa Fe,8515,115197,353559,23939,10058,34,792,0,512094,3.3116910410979234
2014,2,Santiago Del Estero,1231,9914,23842,2867,142,0,0,0,37996,3.0697509211495944
2014,2,Tierra Del Fuego,12,334,31198,2,0,0,0,0,31546,3.470095986812908
2014,2,Tucumán,6,32714,84675,14101,559,4,0,0,132059,3.34994476711167
2014,1,Buenos Aires,8469,171244,2279875,121787,38923,206,4037,0,2624542,3.7331327999829305
2014,1,Capital Federal,852,88825,1096050,70292,38797,54,6208,0,1301080,4.024081510870217
2014,1,Catamarca,19,9147,13330,1672,64,0,0,0,24232,2.8027344007923407
2014,1,Chaco,438,15849,40869,4644,741,5,0,0,62546,3.2558373037444444
2014,1,Chubut,7452,10,61329,0,0,0,0,0,68791,3.1759166751464583
2014,1,Córdoba,2076,107705,423114,24112,9818,40,588,0,567453,3.3874045815248133
2014,1,Corrientes,20,16357,40742,4486,630,0,0,0,62235,3.2186250823491607
2014,1,Entre Ríos,2177,35206,85248,10828,746,0,43,0,134248,3.1672900899827185
2014,1,Formosa,2062,8475,13685,1133,67,0,0,0,25422,2.5737292109196757
2014,1,Jujuy,1832,11498,18415,2002,56,0,0,0,33803,2.690263349406857
2014,1,La Pampa,7434,6535,32501,17,5,4,10,0,46506,2.64721042446136
2014,1,La Rioja,10,5111,9390,1165,35,0,0,0,15711,2.964740372987079
2014,1,Mendoza,35,6,166655,19,10,6,9,0,166740,3.5026805565551156
2014,1,Misiones,545,14460,52852,5139,958,0,0,0,73954,3.403126267679909
2014,1,Neuquén,4133,987,77148,84,1582,2,22,0,83958,3.5493016508254125
2014,1,Río Negro,4670,4618,84304,73,1062,1,8,0,94736,3.353796318189495
2014,1,Salta,53,19677,64061,7192,314,0,0,0,91297,3.3009019792545207
2014,1,San Juan,531,2,51056,0,0,0,0,0,51589,3.4691384597491712
2014,1,San Luis,7,3,12544,0,1,0,2,0,12557,3.5028153221310823
2014,1,Santa Cruz,161,1625,24972,1,1,0,0,0,26760,3.315991479820628
2014,1,Santa Fe,8456,124468,345225,20328,6845,23,668,0,506013,3.1474068452786788
2014,1,Santiago Del Estero,1234,10531,22817,2422,109,0,0,0,37113,2.9494717214992052
2014,1,Tierra Del Fuego,12,607,30902,6,0,0,0,0,31527,3.446887937323564
2014,1,Tucumán,6,34672,83210,11779,362,3,0,0,130032,3.208341823551126
